Outcome Variable,ATE,AI Standard Error
oweight,-0.009208103130755065,0.009908282486309743
sportsclub,-0.026396562308164517,0.014084046813118506
sport_hrs,0.05310006138735421,0.11506985324313349
kommheard,0.32760384694086353,0.011435181322092236
kommgotten,0.23183957438101085,0.008884906252536618
kommused,0.13955391855944344,0.007459250691395671
