Outcome Variable,ATE,AI Standard Error
oweight,-0.011597680463907219,0.009824813146191576
sportsclub,-0.008198360327934412,0.013843135315980753
sport_hrs,0.20185962807438512,0.1159841897716922
kommheard,0.39132173565286943,0.010134157065892551
kommgotten,0.23735252949410118,0.008613811115604764
kommused,0.14457108578284344,0.007178482965898758
