Outcome Variable,ATE,AI Standard Error,test_statistics
oweight,-0.008588957055214725,0.009914694721646414,-0.8662855787644926
sportsclub,0.024539877300613498,0.013893487725211233,1.7662863196030498
sport_hrs,0.39478527607361963,0.11198979286601098,3.5251898049847843
kommheard,0.39918200408997956,0.010157563830570997,39.2989904615288
kommgotten,0.24233128834355827,0.008666612949101598,27.9614758114563
kommused,0.1488752556237219,0.007199674258179161,20.67805435149969
