Outcome Variable,ATE,AI Standard Error
oweight,-0.04401513642700657,0.010166408027727183
sportsclub,-0.20454092810197172,0.013384335131439442
sport_hrs,-0.02997410874327823,0.10318755504043639
kommheard,0.4064927305317666,0.009803983062362446
kommgotten,0.2401911969727146,0.008526952484511638
kommused,0.14758016331408086,0.007079521522262033
