Outcome Variable,ATE,AI Standard Error,test_statistics
oweight,0.07518324607329843,0.008471358870636275,8.874992456511466
sportsclub,0.055916230366492146,0.013898631144005547,4.023146580921296
sport_hrs,0.5953926701570681,0.10808201837594981,5.508711616451027
kommheard,0.4060732984293194,0.010170556995968713,39.92635787698491
kommgotten,0.24083769633507854,0.008751920020574915,27.51826979324451
kommused,0.147434554973822,0.0072566686887375175,20.317112617066716
