Outcome Variable,ATE,AI Standard Error
oweight,-0.05801047120418848,0.010589124084908067
sportsclub,-0.06513089005235602,0.014222433653586206
sport_hrs,-0.16575916230366491,0.10420363668635683
kommheard,0.40041884816753925,0.010216572062043893
kommgotten,0.24104712041884815,0.008754516606917345
kommused,0.147434554973822,0.0072566686887375175
