Outcome Variable,ATE,AI Standard Error
oweight,-0.04539877300613497,0.01048297181806683
sportsclub,0.05214723926380368,0.013957344007627812
sport_hrs,0.2350715746421268,0.11320513847554724
kommheard,0.37525562372188137,0.010615488514253429
kommgotten,0.24069529652351737,0.008713213752025746
kommused,0.147239263803681,0.007251930480440028
