Outcome Variable,ATE,AI Standard Error
oweight,0.0037795902128506067,0.009569185978755815
sportsclub,0.05470459518599562,0.013706005629523234
sport_hrs,-0.2902327431867913,0.12269015454363083
kommheard,0.34991048338969566,0.010848009621724981
kommgotten,0.22916252237915258,0.008782028002187267
kommused,0.1366620250646509,0.007404824020113599
