Outcome Variable,ATE,AI Standard Error
oweight,-0.013725880246667993,0.00985943547808175
sportsclub,-0.038591605331211455,0.013713359431482388
sport_hrs,-0.03530932962005172,0.11251448723445238
kommheard,0.3688084344539487,0.010553400050171627
kommgotten,0.235130296399443,0.008651651471577405
kommused,0.14282872488561765,0.007231342167146367
