Outcome Variable,ATE,AI Standard Error
oweight,-0.004575293415555998,0.009726283609240636
sportsclub,0.014322657648697036,0.013841386396128051
sport_hrs,0.012432862542271732,0.11271347967437054
kommheard,0.38492142430873283,0.010236933433357472
kommgotten,0.23890988661229362,0.008562268783333327
kommused,0.1480007957032027,0.007083621956994503
