Outcome Variable,ATE,AI Standard Error
oweight,0.009349512631788343,0.009471130450211317
sportsclub,-0.01651084145613686,0.01377331929747749
sport_hrs,0.18818380743982493,0.11420681656310439
kommheard,0.36900736025462505,0.010507051442315991
kommgotten,0.2317485577879451,0.008710231755286495
kommused,0.13984483787547244,0.007302257390113456
