Outcome Variable,ATE,AI Standard Error
oweight,-0.00696240302367217,0.00975976003409174
sportsclub,0.012134473841257211,0.013848148665341979
sport_hrs,0.0036801273125124326,0.11276732954495397
kommheard,0.38492142430873283,0.010236933433357472
kommgotten,0.23890988661229362,0.008562268783333327
kommused,0.1480007957032027,0.007083621956994503
