Outcome Variable,ATE,AI Standard Error,test_statistics
oweight,-0.00696240302367217,0.00975976003409174,-0.7133785051427345
sportsclub,0.012134473841257211,0.013848148665341979,0.8762524243855344
sport_hrs,0.0036801273125124326,0.11276732954495397,0.03263469417394844
kommheard,0.38492142430873283,0.010236933433357472,37.60124326435985
kommgotten,0.23890988661229362,0.008562268783333327,27.902638034131535
kommused,0.1480007957032027,0.007083621956994503,20.89337864184916
