Outcome Variable,ATE,AI Standard Error
oweight,-0.01730654465884225,0.009863489733535482
sportsclub,-0.00039785160135269546,0.013778031075631964
sport_hrs,0.16043365824547443,0.11562345135945881
kommheard,0.37716331808235526,0.010389916622720685
kommgotten,0.23612492540282476,0.008632628000850628
kommused,0.14362442808832304,0.007206374672913426
