Outcome Variable,ATE,AI Standard Error
oweight,-0.016908693057489557,0.009904888569241285
sportsclub,-0.016112989854784165,0.013816244163841017
sport_hrs,-0.15595782773025663,0.11937220620825707
kommheard,0.38153968569723495,0.01032975900512967
kommgotten,0.230555002983887,0.008770597872433316
kommused,0.13825343147006167,0.007361856879346282
