Outcome Variable,ATE,AI Standard Error
oweight,0.00696240302367217,0.009515219752487
sportsclub,-0.027451760493335985,0.013859128682304803
sport_hrs,-0.12114581261189576,0.12165848166921574
kommheard,0.38333001790332205,0.010251974683819129
kommgotten,0.23731848020688284,0.008598643943599146
kommused,0.14561368609508654,0.007148958389350192
