Outcome Variable,ATE,AI Standard Error
oweight,0.003417772416566144,0.009686481319812533
sportsclub,-0.019903498190591073,0.013820090320879408
sport_hrs,0.13872135102533173,0.11194233497582329
kommheard,0.3586650583031765,0.010794159643056614
kommgotten,0.22919179734620024,0.00879536967985966
kommused,0.13650985122637715,0.007395882534446659
